id;nom;prenom;date_naissance;email;lieu_naissance;adresse;telephone;ine;nin;nationalite_id
1;EXE Investor;Money Market Account;2020-09-01;Maribel_Swift@hotmail.com;back-end District;HTTP;860-195-9411;Frozen;Music;1
2;algorithm;deploy;2020-08-31;Evans_Quigley@gmail.com;hack Solutions;multi-byte Unbranded Soft Chips;(184) 804-3704 x649;Central firewall;Missouri;2
3;Savings Account;Pines;2020-08-31;Caleigh_Mueller39@gmail.com;Investment Account ability expedite;Bosnia and Herzegovina;184-045-1871 x23043;grey Lock 24/365;Dominican Republic reboot;3
4;Handmade Wooden Bike Metal;array Fish Bosnia and Herzegovina;2020-08-31;Trace_Powlowski@gmail.com;schemas USB Rubber;Keyboard Junction;828.840.7067 x6751;repurpose;knowledge base hacking;4
5;invoice;static Money Market Account;2020-08-31;Clarabelle.Swift22@hotmail.com;Assistant extend;Incredible monetize Re-engineered;1-152-203-3064 x634;asymmetric gold;Security Personal Loan Account Senior;5
6;experiences;Credit Card Account payment;2020-08-31;Albert_Pfeffer0@hotmail.com;COM;Car;970-373-6991 x871;Tasty Metal Ball SQL;Granite Checking Account;6
7;Sausages;Supervisor Checking Account;2020-08-31;Mariah_Medhurst54@gmail.com;USB Fresh Oregon;Rustic revolutionize;622.569.7928;Stravenue;Upgradable Internal systematic;7
8;deposit system Steel;Australia Soft;2020-08-31;Cecile.Windler33@yahoo.com;Minnesota background;Games artificial intelligence Producer;190-688-8499;Technician Shirt;superstructure Global Bedfordshire;8
9;Small;Poland 24/7;2020-08-31;Serenity_Gislason13@hotmail.com;Fresh;SAS;947.650.9817 x52909;Tennessee;Bond Markets Units European Composite Unit (EURCO) backing up;9
10;Sausages orange copying;Grocery;2020-09-01;Mikel.Funk@hotmail.com;local area network;Soft Advanced Handmade;1-657-592-7672 x876;navigate Fords quantify;eco-centric Architect;10
